begintime,ne_name,integrity,4G traffic,id,tickets_integration,alarms_integration,comments_integration,inos_integration
2022-02-02,"4G_ALLENTOWN/Cell:eNodeB Function Name=4G_ALLENTOWN,Local Cell ID=8,Cell Name=4G_ALLENTOWN-8,eNodeB ID=5021,Cell FDD TDD indication=CELL_FDD",95.83,931977243696.0,1,False,False,False,False
2022-02-02,"4G_GODRECHSTREET/Cell:eNodeB Function Name=4G_GODRECHSTREET,Local Cell ID=1,Cell Name=4G_GODRECHSTREET-1,eNodeB ID=5019,Cell FDD TDD indication=CELL_FDD",95.83,419945336744.0,2,False,False,False,False
2022-02-02,"4G_PORTLOKO_SLMINING/Cell:eNodeB Function Name=4G_PORTLOKO_SLMINING,Local Cell ID=2,Cell Name=4G_PORTLOKO_SLMINING-2,eNodeB ID=5105,Cell FDD TDD indication=CELL_FDD",95.83,138418345696.0,3,False,False,False,False
2022-02-02,"4G_SPURROADMILITARY/Cell:eNodeB Function Name=4G_SPURROADMILITARY,Local Cell ID=1,Cell Name=4G_SPURROADMILITARY-1,eNodeB ID=5067,Cell FDD TDD indication=CELL_FDD",95.83,68653047104.0,4,False,False,False,False
2022-02-02,"4G_WILBERFORCEMSC/Cell:eNodeB Function Name=4G_WILBERFORCEMSC,Local Cell ID=0,Cell Name=4G_WILBERFORCEMSC-1,eNodeB ID=5003,Cell FDD TDD indication=CELL_FDD",95.83,646144765008.0,5,False,False,False,False
2022-02-03,"4G_ALLENTOWN/Cell:eNodeB Function Name=4G_ALLENTOWN,Local Cell ID=8,Cell Name=4G_ALLENTOWN-8,eNodeB ID=5021,Cell FDD TDD indication=CELL_FDD",100.0,1019728179184.0,6,False,False,False,False
2022-02-03,"4G_GODRECHSTREET/Cell:eNodeB Function Name=4G_GODRECHSTREET,Local Cell ID=1,Cell Name=4G_GODRECHSTREET-1,eNodeB ID=5019,Cell FDD TDD indication=CELL_FDD",100.0,418813160864.0,7,False,False,False,False
2022-02-03,"4G_PORTLOKO_SLMINING/Cell:eNodeB Function Name=4G_PORTLOKO_SLMINING,Local Cell ID=2,Cell Name=4G_PORTLOKO_SLMINING-2,eNodeB ID=5105,Cell FDD TDD indication=CELL_FDD",100.0,131261492976.0,8,False,False,False,False
2022-02-03,"4G_SPURROADMILITARY/Cell:eNodeB Function Name=4G_SPURROADMILITARY,Local Cell ID=1,Cell Name=4G_SPURROADMILITARY-1,eNodeB ID=5067,Cell FDD TDD indication=CELL_FDD",100.0,64609677904.0,9,False,False,False,False
2022-02-03,"4G_WILBERFORCEMSC/Cell:eNodeB Function Name=4G_WILBERFORCEMSC,Local Cell ID=0,Cell Name=4G_WILBERFORCEMSC-1,eNodeB ID=5003,Cell FDD TDD indication=CELL_FDD",100.0,750151630760.0,10,False,False,False,False
2022-02-04,"4G_ALLENTOWN/Cell:eNodeB Function Name=4G_ALLENTOWN,Local Cell ID=8,Cell Name=4G_ALLENTOWN-8,eNodeB ID=5021,Cell FDD TDD indication=CELL_FDD",100.0,935306568160.0,11,False,False,False,False
2022-02-04,"4G_GODRECHSTREET/Cell:eNodeB Function Name=4G_GODRECHSTREET,Local Cell ID=1,Cell Name=4G_GODRECHSTREET-1,eNodeB ID=5019,Cell FDD TDD indication=CELL_FDD",100.0,416130230096.0,12,False,False,False,False
2022-02-04,"4G_PORTLOKO_SLMINING/Cell:eNodeB Function Name=4G_PORTLOKO_SLMINING,Local Cell ID=2,Cell Name=4G_PORTLOKO_SLMINING-2,eNodeB ID=5105,Cell FDD TDD indication=CELL_FDD",100.0,156064771480.0,13,False,False,False,False
2022-02-04,"4G_SPURROADMILITARY/Cell:eNodeB Function Name=4G_SPURROADMILITARY,Local Cell ID=1,Cell Name=4G_SPURROADMILITARY-1,eNodeB ID=5067,Cell FDD TDD indication=CELL_FDD",100.0,68892593456.0,14,False,False,False,False
2022-02-04,"4G_WILBERFORCEMSC/Cell:eNodeB Function Name=4G_WILBERFORCEMSC,Local Cell ID=0,Cell Name=4G_WILBERFORCEMSC-1,eNodeB ID=5003,Cell FDD TDD indication=CELL_FDD",100.0,728599065368.0,15,False,False,False,False
2022-02-05,"4G_ALLENTOWN/Cell:eNodeB Function Name=4G_ALLENTOWN,Local Cell ID=8,Cell Name=4G_ALLENTOWN-8,eNodeB ID=5021,Cell FDD TDD indication=CELL_FDD",100.0,765376337832.0,16,False,False,False,False
2022-02-05,"4G_GODRECHSTREET/Cell:eNodeB Function Name=4G_GODRECHSTREET,Local Cell ID=1,Cell Name=4G_GODRECHSTREET-1,eNodeB ID=5019,Cell FDD TDD indication=CELL_FDD",100.0,445088222096.0,17,False,False,False,False
2022-02-05,"4G_PORTLOKO_SLMINING/Cell:eNodeB Function Name=4G_PORTLOKO_SLMINING,Local Cell ID=2,Cell Name=4G_PORTLOKO_SLMINING-2,eNodeB ID=5105,Cell FDD TDD indication=CELL_FDD",100.0,79165605512.0,18,False,False,False,False
2022-02-05,"4G_SPURROADMILITARY/Cell:eNodeB Function Name=4G_SPURROADMILITARY,Local Cell ID=1,Cell Name=4G_SPURROADMILITARY-1,eNodeB ID=5067,Cell FDD TDD indication=CELL_FDD",100.0,60161856336.0,19,False,False,False,False
2022-02-05,"4G_WILBERFORCEMSC/Cell:eNodeB Function Name=4G_WILBERFORCEMSC,Local Cell ID=0,Cell Name=4G_WILBERFORCEMSC-1,eNodeB ID=5003,Cell FDD TDD indication=CELL_FDD",100.0,551471687720.0,20,False,False,False,False
2022-02-06,"4G_ALLENTOWN/Cell:eNodeB Function Name=4G_ALLENTOWN,Local Cell ID=8,Cell Name=4G_ALLENTOWN-8,eNodeB ID=5021,Cell FDD TDD indication=CELL_FDD",100.0,812089733648.0,21,False,False,False,False
2022-02-06,"4G_GODRECHSTREET/Cell:eNodeB Function Name=4G_GODRECHSTREET,Local Cell ID=1,Cell Name=4G_GODRECHSTREET-1,eNodeB ID=5019,Cell FDD TDD indication=CELL_FDD",100.0,263534562448.0,22,False,False,False,False
2022-02-06,"4G_PORTLOKO_SLMINING/Cell:eNodeB Function Name=4G_PORTLOKO_SLMINING,Local Cell ID=2,Cell Name=4G_PORTLOKO_SLMINING-2,eNodeB ID=5105,Cell FDD TDD indication=CELL_FDD",100.0,112622942800.0,23,False,False,False,False
2022-02-06,"4G_SPURROADMILITARY/Cell:eNodeB Function Name=4G_SPURROADMILITARY,Local Cell ID=1,Cell Name=4G_SPURROADMILITARY-1,eNodeB ID=5067,Cell FDD TDD indication=CELL_FDD",100.0,50506756744.0,24,False,False,False,False
2022-02-06,"4G_WILBERFORCEMSC/Cell:eNodeB Function Name=4G_WILBERFORCEMSC,Local Cell ID=0,Cell Name=4G_WILBERFORCEMSC-1,eNodeB ID=5003,Cell FDD TDD indication=CELL_FDD",100.0,654260367352.0,25,False,False,False,False
2022-02-08,"4G_ALLENTOWN/Cell:eNodeB Function Name=4G_ALLENTOWN,Local Cell ID=8,Cell Name=4G_ALLENTOWN-8,eNodeB ID=5021,Cell FDD TDD indication=CELL_FDD",100.0,1000087559848.0,26,False,False,False,False
2022-02-08,"4G_GODRECHSTREET/Cell:eNodeB Function Name=4G_GODRECHSTREET,Local Cell ID=1,Cell Name=4G_GODRECHSTREET-1,eNodeB ID=5019,Cell FDD TDD indication=CELL_FDD",100.0,401028697800.0,27,False,False,False,False
2022-02-08,"4G_PORTLOKO_SLMINING/Cell:eNodeB Function Name=4G_PORTLOKO_SLMINING,Local Cell ID=2,Cell Name=4G_PORTLOKO_SLMINING-2,eNodeB ID=5105,Cell FDD TDD indication=CELL_FDD",100.0,0.0,28,False,False,False,False
2022-02-08,"4G_SPURROADMILITARY/Cell:eNodeB Function Name=4G_SPURROADMILITARY,Local Cell ID=1,Cell Name=4G_SPURROADMILITARY-1,eNodeB ID=5067,Cell FDD TDD indication=CELL_FDD",100.0,60962099960.0,29,False,False,False,False
2022-02-08,"4G_WILBERFORCEMSC/Cell:eNodeB Function Name=4G_WILBERFORCEMSC,Local Cell ID=0,Cell Name=4G_WILBERFORCEMSC-1,eNodeB ID=5003,Cell FDD TDD indication=CELL_FDD",100.0,545246184928.0,30,False,False,False,False
2022-02-10,"4G_ALLENTOWN/Cell:eNodeB Function Name=4G_ALLENTOWN,Local Cell ID=8,Cell Name=4G_ALLENTOWN-8,eNodeB ID=5021,Cell FDD TDD indication=CELL_FDD",100.0,935450877552.0,31,False,False,False,False
2022-02-10,"4G_GODRECHSTREET/Cell:eNodeB Function Name=4G_GODRECHSTREET,Local Cell ID=1,Cell Name=4G_GODRECHSTREET-1,eNodeB ID=5019,Cell FDD TDD indication=CELL_FDD",100.0,474341437640.0,32,False,False,False,False
2022-02-10,"4G_PORTLOKO_SLMINING/Cell:eNodeB Function Name=4G_PORTLOKO_SLMINING,Local Cell ID=2,Cell Name=4G_PORTLOKO_SLMINING-2,eNodeB ID=5105,Cell FDD TDD indication=CELL_FDD",100.0,36925434312.0,33,False,False,False,False
2022-02-10,"4G_SPURROADMILITARY/Cell:eNodeB Function Name=4G_SPURROADMILITARY,Local Cell ID=1,Cell Name=4G_SPURROADMILITARY-1,eNodeB ID=5067,Cell FDD TDD indication=CELL_FDD",100.0,83569970408.0,34,False,False,False,False
2022-02-10,"4G_WILBERFORCEMSC/Cell:eNodeB Function Name=4G_WILBERFORCEMSC,Local Cell ID=0,Cell Name=4G_WILBERFORCEMSC-1,eNodeB ID=5003,Cell FDD TDD indication=CELL_FDD",100.0,634920751488.0,35,False,False,False,False
2022-02-11,"4G_ALLENTOWN/Cell:eNodeB Function Name=4G_ALLENTOWN,Local Cell ID=8,Cell Name=4G_ALLENTOWN-8,eNodeB ID=5021,Cell FDD TDD indication=CELL_FDD",100.0,1046759818696.0,36,False,False,False,False
2022-02-11,"4G_GODRECHSTREET/Cell:eNodeB Function Name=4G_GODRECHSTREET,Local Cell ID=1,Cell Name=4G_GODRECHSTREET-1,eNodeB ID=5019,Cell FDD TDD indication=CELL_FDD",100.0,402434966968.0,37,False,False,False,False
2022-02-11,"4G_PORTLOKO_SLMINING/Cell:eNodeB Function Name=4G_PORTLOKO_SLMINING,Local Cell ID=2,Cell Name=4G_PORTLOKO_SLMINING-2,eNodeB ID=5105,Cell FDD TDD indication=CELL_FDD",100.0,104480867608.0,38,False,False,False,False
2022-02-11,"4G_SPURROADMILITARY/Cell:eNodeB Function Name=4G_SPURROADMILITARY,Local Cell ID=1,Cell Name=4G_SPURROADMILITARY-1,eNodeB ID=5067,Cell FDD TDD indication=CELL_FDD",100.0,126125319760.0,39,False,False,False,False
2022-02-11,"4G_WILBERFORCEMSC/Cell:eNodeB Function Name=4G_WILBERFORCEMSC,Local Cell ID=0,Cell Name=4G_WILBERFORCEMSC-1,eNodeB ID=5003,Cell FDD TDD indication=CELL_FDD",100.0,630327931872.0,40,False,False,False,False
2022-02-12,"4G_ALLENTOWN/Cell:eNodeB Function Name=4G_ALLENTOWN,Local Cell ID=8,Cell Name=4G_ALLENTOWN-8,eNodeB ID=5021,Cell FDD TDD indication=CELL_FDD",100.0,904040160808.0,41,False,False,False,False
2022-02-12,"4G_GODRECHSTREET/Cell:eNodeB Function Name=4G_GODRECHSTREET,Local Cell ID=1,Cell Name=4G_GODRECHSTREET-1,eNodeB ID=5019,Cell FDD TDD indication=CELL_FDD",100.0,475257580296.0,42,False,False,False,False
2022-02-12,"4G_PORTLOKO_SLMINING/Cell:eNodeB Function Name=4G_PORTLOKO_SLMINING,Local Cell ID=2,Cell Name=4G_PORTLOKO_SLMINING-2,eNodeB ID=5105,Cell FDD TDD indication=CELL_FDD",100.0,172229601192.0,43,False,False,False,False
2022-02-12,"4G_SPURROADMILITARY/Cell:eNodeB Function Name=4G_SPURROADMILITARY,Local Cell ID=1,Cell Name=4G_SPURROADMILITARY-1,eNodeB ID=5067,Cell FDD TDD indication=CELL_FDD",100.0,41484710680.0,44,False,False,False,False
2022-02-12,"4G_WILBERFORCEMSC/Cell:eNodeB Function Name=4G_WILBERFORCEMSC,Local Cell ID=0,Cell Name=4G_WILBERFORCEMSC-1,eNodeB ID=5003,Cell FDD TDD indication=CELL_FDD",100.0,592277834552.0,45,False,False,False,False
2022-02-13,"4G_ALLENTOWN/Cell:eNodeB Function Name=4G_ALLENTOWN,Local Cell ID=8,Cell Name=4G_ALLENTOWN-8,eNodeB ID=5021,Cell FDD TDD indication=CELL_FDD",100.0,920191598904.0,46,False,False,False,False
2022-02-13,"4G_GODRECHSTREET/Cell:eNodeB Function Name=4G_GODRECHSTREET,Local Cell ID=1,Cell Name=4G_GODRECHSTREET-1,eNodeB ID=5019,Cell FDD TDD indication=CELL_FDD",100.0,263204248880.0,47,False,False,False,False
2022-02-13,"4G_PORTLOKO_SLMINING/Cell:eNodeB Function Name=4G_PORTLOKO_SLMINING,Local Cell ID=2,Cell Name=4G_PORTLOKO_SLMINING-2,eNodeB ID=5105,Cell FDD TDD indication=CELL_FDD",100.0,127124210960.0,48,False,False,False,False
2022-02-13,"4G_SPURROADMILITARY/Cell:eNodeB Function Name=4G_SPURROADMILITARY,Local Cell ID=1,Cell Name=4G_SPURROADMILITARY-1,eNodeB ID=5067,Cell FDD TDD indication=CELL_FDD",100.0,74201920552.0,49,False,False,False,False
2022-02-13,"4G_WILBERFORCEMSC/Cell:eNodeB Function Name=4G_WILBERFORCEMSC,Local Cell ID=0,Cell Name=4G_WILBERFORCEMSC-1,eNodeB ID=5003,Cell FDD TDD indication=CELL_FDD",100.0,623630584752.0,50,False,False,False,False
2022-02-17,"4G_ALLENTOWN/Cell:eNodeB Function Name=4G_ALLENTOWN,Local Cell ID=8,Cell Name=4G_ALLENTOWN-8,eNodeB ID=5021,Cell FDD TDD indication=CELL_FDD",87.5,1063454848096.0,51,False,False,False,False
2022-02-17,"4G_GODRECHSTREET/Cell:eNodeB Function Name=4G_GODRECHSTREET,Local Cell ID=1,Cell Name=4G_GODRECHSTREET-1,eNodeB ID=5019,Cell FDD TDD indication=CELL_FDD",87.5,378577962248.0,52,False,False,False,False
2022-02-17,"4G_PORTLOKO_SLMINING/Cell:eNodeB Function Name=4G_PORTLOKO_SLMINING,Local Cell ID=2,Cell Name=4G_PORTLOKO_SLMINING-2,eNodeB ID=5105,Cell FDD TDD indication=CELL_FDD",87.5,100297491024.0,53,False,False,False,False
2022-02-17,"4G_SPURROADMILITARY/Cell:eNodeB Function Name=4G_SPURROADMILITARY,Local Cell ID=1,Cell Name=4G_SPURROADMILITARY-1,eNodeB ID=5067,Cell FDD TDD indication=CELL_FDD",87.5,52592105208.0,54,False,False,False,False
2022-02-17,"4G_WILBERFORCEMSC/Cell:eNodeB Function Name=4G_WILBERFORCEMSC,Local Cell ID=0,Cell Name=4G_WILBERFORCEMSC-1,eNodeB ID=5003,Cell FDD TDD indication=CELL_FDD",87.5,539332131216.0,55,False,False,False,False
2022-02-18,"4G_ALLENTOWN/Cell:eNodeB Function Name=4G_ALLENTOWN,Local Cell ID=8,Cell Name=4G_ALLENTOWN-8,eNodeB ID=5021,Cell FDD TDD indication=CELL_FDD",100.0,1097165464760.0,56,False,False,False,False
2022-02-18,"4G_GODRECHSTREET/Cell:eNodeB Function Name=4G_GODRECHSTREET,Local Cell ID=1,Cell Name=4G_GODRECHSTREET-1,eNodeB ID=5019,Cell FDD TDD indication=CELL_FDD",100.0,382986666160.0,57,False,False,False,False
2022-02-18,"4G_PORTLOKO_SLMINING/Cell:eNodeB Function Name=4G_PORTLOKO_SLMINING,Local Cell ID=2,Cell Name=4G_PORTLOKO_SLMINING-2,eNodeB ID=5105,Cell FDD TDD indication=CELL_FDD",100.0,93458390728.0,58,False,False,False,False
2022-02-18,"4G_SPURROADMILITARY/Cell:eNodeB Function Name=4G_SPURROADMILITARY,Local Cell ID=1,Cell Name=4G_SPURROADMILITARY-1,eNodeB ID=5067,Cell FDD TDD indication=CELL_FDD",100.0,40978295064.0,59,False,False,False,False
2022-02-18,"4G_WILBERFORCEMSC/Cell:eNodeB Function Name=4G_WILBERFORCEMSC,Local Cell ID=0,Cell Name=4G_WILBERFORCEMSC-1,eNodeB ID=5003,Cell FDD TDD indication=CELL_FDD",100.0,726624858808.0,60,False,False,False,False
2022-02-19,"4G_ALLENTOWN/Cell:eNodeB Function Name=4G_ALLENTOWN,Local Cell ID=8,Cell Name=4G_ALLENTOWN-8,eNodeB ID=5021,Cell FDD TDD indication=CELL_FDD",100.0,963526607736.0,61,False,False,False,False
2022-02-19,"4G_GODRECHSTREET/Cell:eNodeB Function Name=4G_GODRECHSTREET,Local Cell ID=1,Cell Name=4G_GODRECHSTREET-1,eNodeB ID=5019,Cell FDD TDD indication=CELL_FDD",100.0,410805141528.0,62,False,False,False,False
2022-02-19,"4G_PORTLOKO_SLMINING/Cell:eNodeB Function Name=4G_PORTLOKO_SLMINING,Local Cell ID=2,Cell Name=4G_PORTLOKO_SLMINING-2,eNodeB ID=5105,Cell FDD TDD indication=CELL_FDD",100.0,30004643440.0,63,False,False,False,False
2022-02-19,"4G_SPURROADMILITARY/Cell:eNodeB Function Name=4G_SPURROADMILITARY,Local Cell ID=1,Cell Name=4G_SPURROADMILITARY-1,eNodeB ID=5067,Cell FDD TDD indication=CELL_FDD",100.0,39722053800.0,64,False,False,False,False
2022-02-19,"4G_WILBERFORCEMSC/Cell:eNodeB Function Name=4G_WILBERFORCEMSC,Local Cell ID=0,Cell Name=4G_WILBERFORCEMSC-1,eNodeB ID=5003,Cell FDD TDD indication=CELL_FDD",100.0,663004090704.0,65,False,False,False,False
2022-02-20,"4G_ALLENTOWN/Cell:eNodeB Function Name=4G_ALLENTOWN,Local Cell ID=8,Cell Name=4G_ALLENTOWN-8,eNodeB ID=5021,Cell FDD TDD indication=CELL_FDD",100.0,976087491016.0,66,False,False,False,False
2022-02-20,"4G_GODRECHSTREET/Cell:eNodeB Function Name=4G_GODRECHSTREET,Local Cell ID=1,Cell Name=4G_GODRECHSTREET-1,eNodeB ID=5019,Cell FDD TDD indication=CELL_FDD",100.0,256134769888.0,67,False,False,False,False
2022-02-20,"4G_PORTLOKO_SLMINING/Cell:eNodeB Function Name=4G_PORTLOKO_SLMINING,Local Cell ID=2,Cell Name=4G_PORTLOKO_SLMINING-2,eNodeB ID=5105,Cell FDD TDD indication=CELL_FDD",100.0,140377856776.0,68,False,False,False,False
2022-02-20,"4G_SPURROADMILITARY/Cell:eNodeB Function Name=4G_SPURROADMILITARY,Local Cell ID=1,Cell Name=4G_SPURROADMILITARY-1,eNodeB ID=5067,Cell FDD TDD indication=CELL_FDD",100.0,39837381328.0,69,False,False,False,False
2022-02-20,"4G_WILBERFORCEMSC/Cell:eNodeB Function Name=4G_WILBERFORCEMSC,Local Cell ID=0,Cell Name=4G_WILBERFORCEMSC-1,eNodeB ID=5003,Cell FDD TDD indication=CELL_FDD",100.0,678344705536.0,70,False,False,False,False
2022-03-01,"4G_ALLENTOWN/Cell:eNodeB Function Name=4G_ALLENTOWN,Local Cell ID=8,Cell Name=4G_ALLENTOWN-8,eNodeB ID=5021,Cell FDD TDD indication=CELL_FDD",100.0,1124000458336.0,71,False,False,False,False
2022-03-01,"4G_GODRECHSTREET/Cell:eNodeB Function Name=4G_GODRECHSTREET,Local Cell ID=1,Cell Name=4G_GODRECHSTREET-1,eNodeB ID=5019,Cell FDD TDD indication=CELL_FDD",100.0,444638879016.0,72,False,False,False,False
2022-03-01,"4G_PORTLOKO_SLMINING/Cell:eNodeB Function Name=4G_PORTLOKO_SLMINING,Local Cell ID=2,Cell Name=4G_PORTLOKO_SLMINING-2,eNodeB ID=5105,Cell FDD TDD indication=CELL_FDD",100.0,115557403792.0,73,False,False,False,False
2022-03-01,"4G_SPURROADMILITARY/Cell:eNodeB Function Name=4G_SPURROADMILITARY,Local Cell ID=1,Cell Name=4G_SPURROADMILITARY-1,eNodeB ID=5067,Cell FDD TDD indication=CELL_FDD",100.0,35757135384.0,74,False,False,False,False
2022-03-01,"4G_WILBERFORCEMSC/Cell:eNodeB Function Name=4G_WILBERFORCEMSC,Local Cell ID=0,Cell Name=4G_WILBERFORCEMSC-1,eNodeB ID=5003,Cell FDD TDD indication=CELL_FDD",100.0,669997143312.0,75,False,False,False,False
2022-03-02,"4G_ALLENTOWN/Cell:eNodeB Function Name=4G_ALLENTOWN,Local Cell ID=8,Cell Name=4G_ALLENTOWN-8,eNodeB ID=5021,Cell FDD TDD indication=CELL_FDD",100.0,992352726144.0,76,False,False,False,False
2022-03-02,"4G_GODRECHSTREET/Cell:eNodeB Function Name=4G_GODRECHSTREET,Local Cell ID=1,Cell Name=4G_GODRECHSTREET-1,eNodeB ID=5019,Cell FDD TDD indication=CELL_FDD",100.0,432840726176.0,77,False,False,False,False
2022-03-02,"4G_PORTLOKO_SLMINING/Cell:eNodeB Function Name=4G_PORTLOKO_SLMINING,Local Cell ID=2,Cell Name=4G_PORTLOKO_SLMINING-2,eNodeB ID=5105,Cell FDD TDD indication=CELL_FDD",100.0,103000499672.0,78,False,False,False,False
2022-03-02,"4G_SPURROADMILITARY/Cell:eNodeB Function Name=4G_SPURROADMILITARY,Local Cell ID=1,Cell Name=4G_SPURROADMILITARY-1,eNodeB ID=5067,Cell FDD TDD indication=CELL_FDD",100.0,59153336656.0,79,False,False,False,False
2022-03-02,"4G_WILBERFORCEMSC/Cell:eNodeB Function Name=4G_WILBERFORCEMSC,Local Cell ID=0,Cell Name=4G_WILBERFORCEMSC-1,eNodeB ID=5003,Cell FDD TDD indication=CELL_FDD",100.0,607190529584.0,80,False,False,False,False
2022-03-03,"4G_ALLENTOWN/Cell:eNodeB Function Name=4G_ALLENTOWN,Local Cell ID=8,Cell Name=4G_ALLENTOWN-8,eNodeB ID=5021,Cell FDD TDD indication=CELL_FDD",100.0,1075760223872.0,81,False,False,False,False
2022-03-03,"4G_GODRECHSTREET/Cell:eNodeB Function Name=4G_GODRECHSTREET,Local Cell ID=1,Cell Name=4G_GODRECHSTREET-1,eNodeB ID=5019,Cell FDD TDD indication=CELL_FDD",100.0,332777959400.0,82,False,False,False,False
2022-03-03,"4G_PORTLOKO_SLMINING/Cell:eNodeB Function Name=4G_PORTLOKO_SLMINING,Local Cell ID=2,Cell Name=4G_PORTLOKO_SLMINING-2,eNodeB ID=5105,Cell FDD TDD indication=CELL_FDD",100.0,156554995944.0,83,False,False,False,False
2022-03-03,"4G_SPURROADMILITARY/Cell:eNodeB Function Name=4G_SPURROADMILITARY,Local Cell ID=1,Cell Name=4G_SPURROADMILITARY-1,eNodeB ID=5067,Cell FDD TDD indication=CELL_FDD",100.0,45056983320.0,84,False,False,False,False
2022-03-03,"4G_WILBERFORCEMSC/Cell:eNodeB Function Name=4G_WILBERFORCEMSC,Local Cell ID=0,Cell Name=4G_WILBERFORCEMSC-1,eNodeB ID=5003,Cell FDD TDD indication=CELL_FDD",100.0,712812079864.0,85,False,False,False,False
2022-03-06,"4G_ALLENTOWN/Cell:eNodeB Function Name=4G_ALLENTOWN,Local Cell ID=8,Cell Name=4G_ALLENTOWN-8,eNodeB ID=5021,Cell FDD TDD indication=CELL_FDD",91.67,983991419352.0,86,False,False,False,False
2022-03-06,"4G_GODRECHSTREET/Cell:eNodeB Function Name=4G_GODRECHSTREET,Local Cell ID=1,Cell Name=4G_GODRECHSTREET-1,eNodeB ID=5019,Cell FDD TDD indication=CELL_FDD",91.67,179928318632.0,87,False,False,False,False
2022-03-06,"4G_PORTLOKO_SLMINING/Cell:eNodeB Function Name=4G_PORTLOKO_SLMINING,Local Cell ID=2,Cell Name=4G_PORTLOKO_SLMINING-2,eNodeB ID=5105,Cell FDD TDD indication=CELL_FDD",91.67,150530869912.0,88,False,False,False,False
2022-03-06,"4G_SPURROADMILITARY/Cell:eNodeB Function Name=4G_SPURROADMILITARY,Local Cell ID=1,Cell Name=4G_SPURROADMILITARY-1,eNodeB ID=5067,Cell FDD TDD indication=CELL_FDD",91.67,33897207568.0,89,False,False,False,False
2022-03-06,"4G_WILBERFORCEMSC/Cell:eNodeB Function Name=4G_WILBERFORCEMSC,Local Cell ID=0,Cell Name=4G_WILBERFORCEMSC-1,eNodeB ID=5003,Cell FDD TDD indication=CELL_FDD",91.67,583125595424.0,90,False,False,False,False
2022-03-07,"4G_ALLENTOWN/Cell:eNodeB Function Name=4G_ALLENTOWN,Local Cell ID=8,Cell Name=4G_ALLENTOWN-8,eNodeB ID=5021,Cell FDD TDD indication=CELL_FDD",100.0,1013224197848.0,91,False,False,False,False
2022-03-07,"4G_GODRECHSTREET/Cell:eNodeB Function Name=4G_GODRECHSTREET,Local Cell ID=1,Cell Name=4G_GODRECHSTREET-1,eNodeB ID=5019,Cell FDD TDD indication=CELL_FDD",100.0,370494460760.0,92,False,False,False,False
2022-03-07,"4G_PORTLOKO_SLMINING/Cell:eNodeB Function Name=4G_PORTLOKO_SLMINING,Local Cell ID=2,Cell Name=4G_PORTLOKO_SLMINING-2,eNodeB ID=5105,Cell FDD TDD indication=CELL_FDD",100.0,157036370184.0,93,False,False,False,False
2022-03-07,"4G_SPURROADMILITARY/Cell:eNodeB Function Name=4G_SPURROADMILITARY,Local Cell ID=1,Cell Name=4G_SPURROADMILITARY-1,eNodeB ID=5067,Cell FDD TDD indication=CELL_FDD",100.0,88929790848.0,94,False,False,False,False
2022-03-07,"4G_WILBERFORCEMSC/Cell:eNodeB Function Name=4G_WILBERFORCEMSC,Local Cell ID=0,Cell Name=4G_WILBERFORCEMSC-1,eNodeB ID=5003,Cell FDD TDD indication=CELL_FDD",100.0,570373788160.0,95,False,False,False,False
2022-03-09,"4G_ALLENTOWN/Cell:eNodeB Function Name=4G_ALLENTOWN,Local Cell ID=8,Cell Name=4G_ALLENTOWN-8,eNodeB ID=5021,Cell FDD TDD indication=CELL_FDD",4.17,81335989216.0,96,False,False,False,False
2022-03-09,"4G_GODRECHSTREET/Cell:eNodeB Function Name=4G_GODRECHSTREET,Local Cell ID=1,Cell Name=4G_GODRECHSTREET-1,eNodeB ID=5019,Cell FDD TDD indication=CELL_FDD",4.17,14456485496.0,97,False,False,False,False
2022-03-09,"4G_PORTLOKO_SLMINING/Cell:eNodeB Function Name=4G_PORTLOKO_SLMINING,Local Cell ID=2,Cell Name=4G_PORTLOKO_SLMINING-2,eNodeB ID=5105,Cell FDD TDD indication=CELL_FDD",4.17,3193429232.0,98,False,False,False,False
2022-03-09,"4G_SPURROADMILITARY/Cell:eNodeB Function Name=4G_SPURROADMILITARY,Local Cell ID=1,Cell Name=4G_SPURROADMILITARY-1,eNodeB ID=5067,Cell FDD TDD indication=CELL_FDD",4.17,8269415944.0,99,False,False,False,False
2022-03-09,"4G_WILBERFORCEMSC/Cell:eNodeB Function Name=4G_WILBERFORCEMSC,Local Cell ID=0,Cell Name=4G_WILBERFORCEMSC-1,eNodeB ID=5003,Cell FDD TDD indication=CELL_FDD",4.17,39350434760.0,100,False,False,False,False
2022-03-10,"4G_ALLENTOWN/Cell:eNodeB Function Name=4G_ALLENTOWN,Local Cell ID=8,Cell Name=4G_ALLENTOWN-8,eNodeB ID=5021,Cell FDD TDD indication=CELL_FDD",95.83,1020690062936.0,101,False,False,False,False
2022-03-10,"4G_GODRECHSTREET/Cell:eNodeB Function Name=4G_GODRECHSTREET,Local Cell ID=1,Cell Name=4G_GODRECHSTREET-1,eNodeB ID=5019,Cell FDD TDD indication=CELL_FDD",95.83,453462727056.0,102,False,False,False,False
2022-03-10,"4G_PORTLOKO_SLMINING/Cell:eNodeB Function Name=4G_PORTLOKO_SLMINING,Local Cell ID=2,Cell Name=4G_PORTLOKO_SLMINING-2,eNodeB ID=5105,Cell FDD TDD indication=CELL_FDD",95.83,6842951720.0,103,False,False,False,False
2022-03-10,"4G_SPURROADMILITARY/Cell:eNodeB Function Name=4G_SPURROADMILITARY,Local Cell ID=1,Cell Name=4G_SPURROADMILITARY-1,eNodeB ID=5067,Cell FDD TDD indication=CELL_FDD",95.83,126328738720.0,104,False,False,False,False
2022-03-10,"4G_WILBERFORCEMSC/Cell:eNodeB Function Name=4G_WILBERFORCEMSC,Local Cell ID=0,Cell Name=4G_WILBERFORCEMSC-1,eNodeB ID=5003,Cell FDD TDD indication=CELL_FDD",95.83,611122606072.0,105,False,False,False,False
2022-03-11,"4G_ALLENTOWN/Cell:eNodeB Function Name=4G_ALLENTOWN,Local Cell ID=8,Cell Name=4G_ALLENTOWN-8,eNodeB ID=5021,Cell FDD TDD indication=CELL_FDD",100.0,999971682360.0,106,False,False,False,False
2022-03-11,"4G_GODRECHSTREET/Cell:eNodeB Function Name=4G_GODRECHSTREET,Local Cell ID=1,Cell Name=4G_GODRECHSTREET-1,eNodeB ID=5019,Cell FDD TDD indication=CELL_FDD",100.0,425535374080.0,107,False,False,False,False
2022-03-11,"4G_PORTLOKO_SLMINING/Cell:eNodeB Function Name=4G_PORTLOKO_SLMINING,Local Cell ID=2,Cell Name=4G_PORTLOKO_SLMINING-2,eNodeB ID=5105,Cell FDD TDD indication=CELL_FDD",100.0,10041510352.0,108,False,False,False,False
2022-03-11,"4G_SPURROADMILITARY/Cell:eNodeB Function Name=4G_SPURROADMILITARY,Local Cell ID=1,Cell Name=4G_SPURROADMILITARY-1,eNodeB ID=5067,Cell FDD TDD indication=CELL_FDD",100.0,100857528456.0,109,False,False,False,False
2022-03-11,"4G_WILBERFORCEMSC/Cell:eNodeB Function Name=4G_WILBERFORCEMSC,Local Cell ID=0,Cell Name=4G_WILBERFORCEMSC-1,eNodeB ID=5003,Cell FDD TDD indication=CELL_FDD",100.0,567723548248.0,110,False,False,False,False
2022-03-12,"4G_ALLENTOWN/Cell:eNodeB Function Name=4G_ALLENTOWN,Local Cell ID=8,Cell Name=4G_ALLENTOWN-8,eNodeB ID=5021,Cell FDD TDD indication=CELL_FDD",79.17,864435010352.0,111,False,False,False,False
2022-03-12,"4G_GODRECHSTREET/Cell:eNodeB Function Name=4G_GODRECHSTREET,Local Cell ID=1,Cell Name=4G_GODRECHSTREET-1,eNodeB ID=5019,Cell FDD TDD indication=CELL_FDD",79.17,342506683976.0,112,False,False,False,False
2022-03-12,"4G_PORTLOKO_SLMINING/Cell:eNodeB Function Name=4G_PORTLOKO_SLMINING,Local Cell ID=2,Cell Name=4G_PORTLOKO_SLMINING-2,eNodeB ID=5105,Cell FDD TDD indication=CELL_FDD",79.17,814085176.0,113,False,False,False,False
2022-03-12,"4G_SPURROADMILITARY/Cell:eNodeB Function Name=4G_SPURROADMILITARY,Local Cell ID=1,Cell Name=4G_SPURROADMILITARY-1,eNodeB ID=5067,Cell FDD TDD indication=CELL_FDD",79.17,41102312000.0,114,False,False,False,False
2022-03-12,"4G_WILBERFORCEMSC/Cell:eNodeB Function Name=4G_WILBERFORCEMSC,Local Cell ID=0,Cell Name=4G_WILBERFORCEMSC-1,eNodeB ID=5003,Cell FDD TDD indication=CELL_FDD",79.17,628513513456.0,115,False,False,False,False
2022-03-13,"4G_ALLENTOWN/Cell:eNodeB Function Name=4G_ALLENTOWN,Local Cell ID=8,Cell Name=4G_ALLENTOWN-8,eNodeB ID=5021,Cell FDD TDD indication=CELL_FDD",87.5,843733087688.0,116,False,False,False,False
2022-03-13,"4G_GODRECHSTREET/Cell:eNodeB Function Name=4G_GODRECHSTREET,Local Cell ID=1,Cell Name=4G_GODRECHSTREET-1,eNodeB ID=5019,Cell FDD TDD indication=CELL_FDD",87.5,250715916552.0,117,False,False,False,False
2022-03-13,"4G_PORTLOKO_SLMINING/Cell:eNodeB Function Name=4G_PORTLOKO_SLMINING,Local Cell ID=2,Cell Name=4G_PORTLOKO_SLMINING-2,eNodeB ID=5105,Cell FDD TDD indication=CELL_FDD",87.5,2171862448.0,118,False,False,False,False
2022-03-13,"4G_SPURROADMILITARY/Cell:eNodeB Function Name=4G_SPURROADMILITARY,Local Cell ID=1,Cell Name=4G_SPURROADMILITARY-1,eNodeB ID=5067,Cell FDD TDD indication=CELL_FDD",87.5,36009135936.0,119,False,False,False,False
2022-03-13,"4G_WILBERFORCEMSC/Cell:eNodeB Function Name=4G_WILBERFORCEMSC,Local Cell ID=0,Cell Name=4G_WILBERFORCEMSC-1,eNodeB ID=5003,Cell FDD TDD indication=CELL_FDD",87.5,470917229624.0,120,False,False,False,False
2022-03-14,"4G_ALLENTOWN/Cell:eNodeB Function Name=4G_ALLENTOWN,Local Cell ID=8,Cell Name=4G_ALLENTOWN-8,eNodeB ID=5021,Cell FDD TDD indication=CELL_FDD",100.0,830777987832.0,121,False,False,False,False
2022-03-14,"4G_GODRECHSTREET/Cell:eNodeB Function Name=4G_GODRECHSTREET,Local Cell ID=1,Cell Name=4G_GODRECHSTREET-1,eNodeB ID=5019,Cell FDD TDD indication=CELL_FDD",100.0,327351676776.0,122,False,False,False,False
2022-03-14,"4G_PORTLOKO_SLMINING/Cell:eNodeB Function Name=4G_PORTLOKO_SLMINING,Local Cell ID=2,Cell Name=4G_PORTLOKO_SLMINING-2,eNodeB ID=5105,Cell FDD TDD indication=CELL_FDD",100.0,1294729448.0,123,False,False,False,False
2022-03-14,"4G_SPURROADMILITARY/Cell:eNodeB Function Name=4G_SPURROADMILITARY,Local Cell ID=1,Cell Name=4G_SPURROADMILITARY-1,eNodeB ID=5067,Cell FDD TDD indication=CELL_FDD",100.0,95302002632.0,124,False,False,False,False
2022-03-14,"4G_WILBERFORCEMSC/Cell:eNodeB Function Name=4G_WILBERFORCEMSC,Local Cell ID=0,Cell Name=4G_WILBERFORCEMSC-1,eNodeB ID=5003,Cell FDD TDD indication=CELL_FDD",100.0,507469383760.0,125,False,False,False,False
2022-03-15,"4G_ALLENTOWN/Cell:eNodeB Function Name=4G_ALLENTOWN,Local Cell ID=8,Cell Name=4G_ALLENTOWN-8,eNodeB ID=5021,Cell FDD TDD indication=CELL_FDD",100.0,1008650492216.0,126,False,False,False,False
2022-03-15,"4G_GODRECHSTREET/Cell:eNodeB Function Name=4G_GODRECHSTREET,Local Cell ID=1,Cell Name=4G_GODRECHSTREET-1,eNodeB ID=5019,Cell FDD TDD indication=CELL_FDD",100.0,403299143664.0,127,False,False,False,False
2022-03-15,"4G_PORTLOKO_SLMINING/Cell:eNodeB Function Name=4G_PORTLOKO_SLMINING,Local Cell ID=2,Cell Name=4G_PORTLOKO_SLMINING-2,eNodeB ID=5105,Cell FDD TDD indication=CELL_FDD",100.0,3676125480.0,128,False,False,False,False
2022-03-15,"4G_SPURROADMILITARY/Cell:eNodeB Function Name=4G_SPURROADMILITARY,Local Cell ID=1,Cell Name=4G_SPURROADMILITARY-1,eNodeB ID=5067,Cell FDD TDD indication=CELL_FDD",100.0,74685340784.0,129,False,False,False,False
2022-03-15,"4G_WILBERFORCEMSC/Cell:eNodeB Function Name=4G_WILBERFORCEMSC,Local Cell ID=0,Cell Name=4G_WILBERFORCEMSC-1,eNodeB ID=5003,Cell FDD TDD indication=CELL_FDD",100.0,638368293560.0,130,False,False,False,False
